"Weighted_Fst","Initial_position","Final_Position","SNP_Number","gene_lenght","SNP_by_1KB"
0.013629,109707,197341,3575,87634,40.7946687358788
0.017358,123563,133500,382,9937,38.4421857703532
